{
	"0": {
		"P": [[-4.58245800e-01,1.09683615e+00　,5.55331144e-02　,4.66978955e+02],
			　[-7.41460855e-02,-1.03829353e-03,-1.10552755e+00,5.18595479e+02],
 			  [-4.80195342e-04,3.92992818e-06　,5.05616130e-05　,1.00000000e+00]]
	},
	"4": {
		"P": [[4.72027161e-01,-1.03663257e+00,5.88087689e-02 ,1.44804503e+03],
 			[1.35249657e-01,6.75110311e-03 ,-1.04780118e+00,6.25019394e+02],
 			[4.76274725e-04,8.49887193e-06 ,6.28376388e-05 ,1.00000000e+00]]		
	},
	"2": {
		"P": [[-8.00024403e-01,-6.03125830e-01,-1.41261646e+00,9.66642364e+02],
 			[3.66638985e-02　,-8.04034075e-02,-1.25808485e+00,3.84081786e+02],
 			[2.84230645e-06　,-6.28082785e-04,-1.44067419e-03,1.00000000e+00]]
	},

	"3": {
		"P":[[-4.67332952e-01,-6.35744029e-01,-4.06321393e-02,6.44899742e+02],
 			[1.40360035e-01 ,3.52283624e-02 ,-7.63986269e-01 ,3.54469529e+02],
 			[2.91830648e-04 ,-4.19213293e-04 ,8.53819783e-05 ,1.00000000e+00]]
	}

}
